Rank,Title,Employees,Sector,Industry,Hqcity,Ceo,Ceo-title,Revenues,Revchange,Profits,Prftchange,Assets
1,Walmart,2300000,Retailing,General Merchandisers,Bentonville,C. Douglas McMillon,"President, Chief Executive Officer & Director",485873,0.8,13643,-7.2,198825
2,Berkshire Hathaway,367700,Financials,Insurance: Property and Casualty (Stock),Omaha,Warren E. Buffett,Chairman & Chief Executive Officer,223604,6.1,24074,0,620854
3,Apple,116000,Technology,"Computers, Office Equipment",Cupertino,Timothy D. Cook,Chief Executive Officer & Director,215639,-7.7,45687,-14.4,321686
4,Exxon Mobil,72700,Energy,Petroleum Refining,Irving,Darren W. Woods,Chairman & Chief Executive Officer,205004,-16.7,7840,-51.5,330314
5,McKesson,68000,Wholesalers,Wholesalers: Health Care,San Francisco,John H. Hammergren,"Chairman, President & Chief Executive Officer",192487,6.2,2258,53,56563
6,UnitedHealth Group,230000,Health Care,Health Care: Insurance and Managed Care,Minnetonka,Stephen J. Hemsley,Chief Executive Officer & Director,184840,17.7,7017,20.7,122810
7,CVS Health,204000,Health Care,Health Care: Pharmacy and Other Services,Woonsocket,Larry J. Merlo,"President, Chief Executive Officer & Director",177526,15.8,5317,1.5,94462
8,General Motors,225000,Motor Vehicles & Parts,Motor Vehicles and Parts,Detroit,Mary T. Barra,Chairman & Chief Executive Officer,166380,9.2,9427,-2.7,221690
9,AT&T,268540,Telecommunications,Telecommunications,Dallas,Randall L. Stephenson,"Chairman, President & Chief Executive Officer",163786,11.6,12976,-2.8,403821
10,Ford Motor,201000,Motor Vehicles & Parts,Motor Vehicles and Parts,Dearborn,James P. Hackett,"President, Chief Executive Officer & Director",151800,1.5,4596,-37.7,237951
11,AmerisourceBergen,18500,Wholesalers,Wholesalers: Health Care,Chesterbrook,Steven H. Collis,"Chairman, President & Chief Executive Officer",146850,8,1427.9,-37.7,33656
12,Amazon.com,341400,Technology,Internet Services and Retailing,Seattle,Jeffrey P. Bezos,"Chairman, President & Chief Executive Officer",135987,27.1,2371,297.8,83402
13,General Electric,295000,Industrials,Industrial Machinery,Boston,Jeffrey R. Immelt,Chairman & Chief Executive Officer,126661,-9.8,8831,297.8,365183
14,Verizon,160900,Telecommunications,Telecommunications,New York,Lowell C. McAdam,Chairman & Chief Executive Officer,125980,-4.3,13127,-26.6,244180
15,Cardinal Health,37300,Wholesalers,Wholesalers: Health Care,Dublin,George S. Barrett,Chairman & Chief Executive Officer,121546,18.5,1427,17.4,34122
16,Costco,172000,Retailing,General Merchandisers,Issaquah,W. Craig Jelinek,"President, Chief Executive Officer & Director",118719,2.2,2350,-1.1,33163
17,Walgreens Boots Alliance,300000,Food & Drug Stores,Food and Drug Stores,Deerfield,Stefano Pessina,"President, Chief Executive Officer & Director",117351,13.4,4173,-1.1,72688
18,Kroger,443000,Food & Drug Stores,Food and Drug Stores,Cincinnati,W. Rodney McMullen,Chairman & Chief Executive Officer,115337,5,1975,-3.1,36505
19,Chevron,55200,Energy,Petroleum Refining,San Ramon,John S. Watson,Chairman & Chief Executive Officer,107567,-18,-497,-110.8,260078
20,Fannie Mae,7000,Financials,Diversified Financials,Washington,Timothy J. Mayopoulos,"President, Chief Executive Officer & Director",107162,-2.9,12313,12.4,3287968
21,J.P. Morgan Chase,243355,Financials,Commercial Banks,New York,James Dimon,"Chairman, President & Chief Executive Officer",105486,4.4,24733,1.2,2490972
22,Express Scripts Holding,25600,Health Care,Health Care: Pharmacy and Other Services,St. Louis,Timothy C. Wentworth,"President, Chief Executive Officer & Director",100288,-1.4,3404.4,37.5,51745
23,Home Depot,406000,Retailing,Specialty Retailers: Other,Atlanta,Craig A. Menear,"Chairman, President & Chief Executive Officer",94595,6.9,7957,13.5,42966
24,Boeing,150540,Aerospace & Defense,Aerospace and Defense,Chicago,Dennis A. Muilenburg,"Chairman, President & Chief Executive Officer",94571,-1.6,4895,-5.4,89997
25,Wells Fargo,269100,Financials,Commercial Banks,San Francisco,Timothy J. Sloan,"President, Chief Executive Officer & Director",94176,4.6,21938,-4.2,1930115
26,Bank of America Corp.,208024,Financials,Commercial Banks,Charlotte,Brian T. Moynihan,"Chairman, President & Chief Executive Officer",93662,0.7,17906,12.7,2187702
27,Alphabet,72053,Technology,Internet Services and Retailing,Mountain View,Larry Page,Chief Executive Officer & Director,90272,20.4,19478,19.1,167497
28,Microsoft,114000,Technology,Computer Software,Redmond,Satya Nadella,Chief Executive Officer & Director,85320,-8.8,16798,37.8,193694
29,Anthem,53000,Health Care,Health Care: Insurance and Managed Care,Indianapolis,Joseph R. Swedish,"Chairman, President & Chief Executive Officer",84863,7.2,2469.8,-3.5,65083
30,Citigroup,219000,Financials,Commercial Banks,New York,Michael L. Corbat,Chief Executive Officer & Director,82386,-6.7,14912,-13.5,1792077
31,Comcast,159000,Telecommunications,Telecommunications,Philadelphia,Brian L. Roberts,"Chairman, President & Chief Executive Officer",80403,7.9,8695,6.5,180500
32,IBM,414400,Technology,Information Technology Services,Armonk,Virginia M. Rometty,"Chairman, President & Chief Executive Officer",79919,-3.1,11872,-10,117470
33,State Farm Insurance Cos.,68234,Financials,Insurance: Property and Casualty (Mutual),Bloomington,Michael L. Tipsord,Chief Executive Officer & Director,76132,0.6,350.3,-94.4,256030
34,Phillips 66,14800,Energy,Petroleum Refining,Houston,Greg C. Garland,Chairman & Chief Executive Officer,72396,-16.9,1555,-63.2,51653
35,Johnson & Johnson,126400,Health Care,Pharmaceuticals,New Brunswick,Alex Gorsky,Chairman & Chief Executive Officer,71890,2.6,16540,7.3,141208
36,Procter & Gamble,105000,Household Products,Household and Personal Products,Cincinnati,David S. Taylor,"Chairman, President & Chief Executive Officer",71726,-8.9,10508,49.3,127136
37,Valero Energy,9996,Energy,Petroleum Refining,San Antonio,Joseph W. Gorder,"Chairman, President & Chief Executive Officer",70166,-14.2,2289,-42.6,46173
38,Target,323000,Retailing,General Merchandisers,Minneapolis,Brian C. Cornell,Chairman & Chief Executive Officer,69495,-5.8,2737,-18.6,37431
39,Freddie Mac,5982,Financials,Diversified Financials,McLean,Donald H. Layton,Chief Executive Officer & Director,65665,3.4,7815,22.6,2023376
40,Lowe’s,240000,Retailing,Specialty Retailers: Other,Mooresville,Robert A. Niblock,"Chairman, President & Chief Executive Officer",65017,10.1,3093,21.5,34408
41,Dell Technologies,138000,Technology,"Computers, Office Equipment",Round Rock,Michael S. Dell,Chairman & Chief Executive Officer,64806,18.1,-1672,21.5,118206
42,MetLife,58000,Financials,"Insurance: Life, Health (Stock)",New York,Steven A. Kandarian,"Chairman, President & Chief Executive Officer",63476,-9.3,800,-84.9,898764
43,Aetna,49500,Health Care,Health Care: Insurance and Managed Care,Hartford,Mark T. Bertolini,Chairman & Chief Executive Officer,63155,4.7,2271,-5,69146
44,PepsiCo,264000,"Food, Beverages & Tobacco",Food Consumer Products,Purchase,Indra K. Nooyi,Chairman & Chief Executive Officer,62799,-0.4,6329,16.1,74129
45,Archer Daniels Midland,31800,"Food, Beverages & Tobacco",Food Production,Chicago,Juan R. Luciano,"Chairman, President & Chief Executive Officer",62346,-7.9,1279,-30.8,39769
46,UPS,335520,Transportation,"Mail, Package, and Freight Delivery",Atlanta,David P. Abney,Chairman & Chief Executive Officer,60906,4.4,3431,-29.2,40377
47,Intel,106000,Technology,Semiconductors and Other Electronic Components,Santa Clara,Brian M. Krzanich,Chief Executive Officer & Director,59387,7.3,10316,-9.7,113327
48,Prudential Financial,49739,Financials,"Insurance: Life, Health (Stock)",Newark,John R. Strangfeld,Chairman & Chief Executive Officer,58779,2.9,4368,-22.6,783962
49,Albertsons Cos.,274000,Food & Drug Stores,Food and Drug Stores,Boise,Robert G. Miller,Chairman & Chief Executive Officer,58734,115.9,-502.2,-22.6,23770
50,United Technologies,201600,Aerospace & Defense,Aerospace and Defense,Farmington,Gregory J. Hayes,"Chairman, President & Chief Executive Officer",57244,-6.2,5055,-33.6,89706
51,Marathon Petroleum,44460,Energy,Petroleum Refining,Findlay,Gary R. Heminger,"Chairman, President & Chief Executive Officer",55858,-13.5,1174,-58.8,44413
52,Disney,195000,Media,Entertainment,Burbank,Robert A. Iger,Chairman & Chief Executive Officer,55632,6,9391,12,92033
53,Humana,51600,Health Care,Health Care: Insurance and Managed Care,Louisville,Bruce D. Broussard,"President, Chief Executive Officer & Director",54379,0.2,614,-51.9,25396
54,Pfizer,96500,Health Care,Pharmaceuticals,New York,Ian C. Read,Chairman & Chief Executive Officer,52824,8.1,7215,3.7,171615
55,AIG,56400,Financials,Insurance: Property and Casualty (Stock),New York,Brian Duperreault,"President, Chief Executive Officer & Director",52367,-10.2,-849,-138.7,498264
56,Lockheed Martin,97000,Aerospace & Defense,Aerospace and Defense,Bethesda,Marillyn A. Hewson,"Chairman, President & Chief Executive Officer",50658,9.8,5302,47.1,47806
57,Sysco,51900,Wholesalers,Wholesalers: Food and Grocery,Houston,William J. DeLaney III,Chief Executive Officer & Director,50367,3.5,949.6,38.3,16722
58,FedEx,335767,Transportation,"Mail, Package, and Freight Delivery",Memphis,Frederick W. Smith,Chairman & Chief Executive Officer,50365,6.1,1820,73.3,46064
59,Hewlett Packard Enterprise,195000,Technology,Information Technology Services,Palo Alto,Margaret C. Whitman,"President, Chief Executive Officer & Director",50123,6.1,3161,73.3,79679
60,Cisco Systems,73700,Technology,Network and Other Communications Equipment,San Jose,Charles H. Robbins,Chief Executive Officer & Director,49247,0.2,10739,19.6,121652
61,HP,49000,Technology,"Computers, Office Equipment",Palo Alto,Dion J. Weisler,"President, Chief Executive Officer & Director",48238,-53.3,2496,-45.2,29010
62,Dow Chemical,56000,Chemicals,Chemicals,Midland,Andrew N. Liveris,Chairman & Chief Executive Officer,48158,-1.3,4318,-43.8,79511
63,HCA Holdings,210500,Health Care,Health Care: Medical Facilities,Nashville,R. Milton Johnson,Chairman & Chief Executive Officer,44747,2.7,2890,35.7,33758
64,Coca-Cola,100300,"Food, Beverages & Tobacco",Beverages,Atlanta,James B. Quincey,"President, Chief Executive Officer & Director",41863,-5.5,6527,-11.2,87270
65,New York Life Insurance,11320,Financials,"Insurance: Life, Health (Mutual)",New York,Theodore A. Mathas,Chairman & Chief Executive Officer,40787,-11.1,1088.1,324.1,287196
66,Centene,30500,Health Care,Health Care: Insurance and Managed Care,St. Louis,Michael F. Neidorff,"Chairman, President & Chief Executive Officer",40721,78.6,562,58.3,20197
67,American Airlines Group,122300,Transportation,Airlines,Fort Worth,W. Douglas Parker,Chairman & Chief Executive Officer,40180,-2,2676,-64.8,51274
68,Nationwide,34320,Financials,Insurance: Property and Casualty (Mutual),Columbus,Stephen S. Rasmussen,Chief Executive Officer & Director,40074,-0.4,334.3,-42.4,197790
69,Merck,68000,Health Care,Pharmaceuticals,Kenilworth,Kenneth C. Frazier,"Chairman, President & Chief Executive Officer",39807,0.8,3920,-11.8,95377
70,Cigna,41000,Health Care,Health Care: Insurance and Managed Care,Bloomfield,David M. Cordani,"President, Chief Executive Officer & Director",39668,4.7,1867,-10.8,59360
71,Delta Air Lines,83756,Transportation,Airlines,Atlanta,Edward H. Bastian,Chief Executive Officer & Director,39639,-2.6,4373,-3.4,51261
72,Best Buy,125000,Retailing,Specialty Retailers: Other,Richfield,Hubert B. Joly,Chairman & Chief Executive Officer,39403,-0.9,1228,36.9,13856
73,Honeywell International,131000,Industrials,"Electronics, Electrical Equipment",Morris Plains,Darius Adamczyk,"President, Chief Executive Officer & Director",39302,1.9,4809,0.9,54146
74,Caterpillar,95400,Industrials,Construction and Farm Machinery,Peoria,D. James Umpleby III,Chief Executive Officer & Director,38537,-18,-67,-103.2,74704
75,Liberty Mutual Insurance Group,50000,Financials,Insurance: Property and Casualty (Stock),Boston,David H. Long,"Chairman, President & Chief Executive Officer",38308,-2.9,1006,95.7,125592
76,Morgan Stanley,55311,Financials,Commercial Banks,New York,James P. Gorman,Chairman & Chief Executive Officer,37949,0.1,5979,-2.4,814949
77,Massachusetts Mutual Life Insurance,11737,Financials,"Insurance: Life, Health (Mutual)",Springfield,Roger W. Crandall,"Chairman, President & Chief Executive Officer",37788,-1.2,1273.5,-10.6,271040
78,Goldman Sachs Group,34400,Financials,Commercial Banks,New York,Lloyd C. Blankfein,Chairman & Chief Executive Officer,37712,-3.8,7398,21.6,860165
79,Energy Transfer Equity,30992,Energy,Pipelines,Dallas,John W. McReynolds,"President, Chief Executive Officer & Director",37504,-11,995,-16.3,79011
80,TIAA,12997,Financials,"Insurance: Life, Health (Mutual)",New York,Roger W. Ferguson Jr.,"President, Chief Executive Officer & Director",37105,5.5,1492.3,22.9,523194
81,Oracle,136000,Technology,Computer Software,Redwood City,"Safra A. Catz, Mark V. Hurd",Co-Chief Executive Officer & Director,37047,-3.1,8901,-10.4,112180
82,Tyson Foods,114000,"Food, Beverages & Tobacco",Food Production,Springdale,Thomas P. Hayes,"President, Chief Executive Officer & Director",36881,-10.9,1768,44.9,22373
83,United Continental Holdings,88000,Transportation,Airlines,Chicago,Oscar Munoz,Chief Executive Officer & Director,36556,-3.5,2263,-69.2,40140
84,Allstate,43275,Financials,Insurance: Property and Casualty (Stock),Northbrook,Thomas J. Wilson,Chairman & Chief Executive Officer,36534,2.5,1877,-13.5,108610
85,Publix Super Markets,191000,Food & Drug Stores,Food and Drug Stores,Lakeland,Randall T. Jones Sr.,"President, Chief Executive Officer & Director",34274,5.1,2025.7,3.1,17464
86,American Express,56400,Financials,Diversified Financials,New York,Kenneth I. Chenault,Chairman & Chief Executive Officer,33823,-1.8,5408,4.7,158893
87,TJX,235000,Retailing,Specialty Retailers: Apparel,Framingham,Ernie L. Herrman,"President, Chief Executive Officer & Director",33184,7.2,2298.2,0.9,12884
88,Nike,70700,Apparel,Apparel,Beaverton,Mark G. Parker,"Chairman, President & Chief Executive Officer",32376,5.8,3760,14.9,21396
89,Exelon,34396,Energy,Utilities: Gas and Electric,Chicago,Christopher M. Crane,"President, Chief Executive Officer & Director",31360,6.5,1134,-50,114904
90,General Dynamics,98800,Aerospace & Defense,Aerospace and Defense,Falls Church,Phebe N. Novakovic,Chairman & Chief Executive Officer,31353,-0.4,2955,-0.3,32872
91,Rite Aid,70580,Food & Drug Stores,Food and Drug Stores,Camp Hill,John T. Standley,Chairman & Chief Executive Officer,30737,15.9,165.5,-92.2,11277
92,Gilead Sciences,9000,Health Care,Pharmaceuticals,Foster City,John F. Milligan,"President, Chief Executive Officer & Director",30390,-6.9,13501,-25.4,56977
93,CHS,12157,"Food, Beverages & Tobacco",Food Production,Inver Grove Heights,Jay D. Debertin,"President, Chief Executive Officer & Director",30347,-12.2,424.2,-45.7,17318
94,3M,91584,Industrials,Miscellaneous,St. Paul,Inge G. Thulin,"Chairman, President & Chief Executive Officer",30109,-0.5,5050,4.5,32906
95,Time Warner,25000,Media,Entertainment,New York,Jeffrey L. Bewkes,Chairman & Chief Executive Officer,29318,4.3,3926,2.4,65966
96,Charter Communications,91500,Telecommunications,Telecommunications,Stamford,Thomas M. Rutledge,Chairman & Chief Executive Officer,29003,197.3,3522,2.4,149067
97,Northwestern Mutual,5646,Financials,"Insurance: Life, Health (Mutual)",Milwaukee,John E. Schlifske,Chairman & Chief Executive Officer,28799,2.4,818,0.4,250441
98,Facebook,17048,Technology,Internet Services and Retailing,Menlo Park,Mark Zuckerberg,Chairman & Chief Executive Officer,27638,54.2,10217,177,64961
99,Travelers Cos.,30900,Financials,Insurance: Property and Casualty (Stock),New York,Alan D. Schnitzer,Chief Executive Officer & Director,27625,3.1,3014,-12.4,100245
100,Capital One Financial,47300,Financials,Commercial Banks,McLean,Richard D. Fairbank,"Chairman, President & Chief Executive Officer",27519,9.6,3751,-7.4,357033
101,Twenty-First Century Fox,21500,Media,Entertainment,New York,James R. Murdoch,Chief Executive Officer & Director,27326,-5.7,2755,-66.8,48365
102,USAA,29943,Financials,Insurance: Property and Casualty (Stock),San Antonio,Stuart Parker,"President, Chief Executive Officer & Director",27131,11.4,1779.1,-21.7,147290
103,World Fuel Services,5000,Energy,Energy,Miami,Michael J. Kasbar,"Chairman, President & Chief Executive Officer",27016,-11.1,126.5,-27.5,5413
104,Philip Morris International,79500,"Food, Beverages & Tobacco",Tobacco,New York,Andre Calantzopoulos,Chief Executive Officer & Director,26685,-0.4,6967,1.4,36851
105,Deere,56767,Industrials,Construction and Farm Machinery,Moline,Samuel R. Allen,Chairman & Chief Executive Officer,26644,-7.7,1523.9,-21.4,57981
106,Kraft Heinz,41000,"Food, Beverages & Tobacco",Food Consumer Products,Pittsburgh,Bernardo Hees,Chief Executive Officer & Director,26487,44.4,3632,472.9,120480
107,Tech Data,9500,Wholesalers,Wholesalers: Electronics and Office Equipment,Clearwater,Robert M. Dutkowsky,Chief Executive Officer & Director,26235,-0.5,195.1,-26.6,7932
108,Avnet,17700,Wholesalers,Wholesalers: Electronics and Office Equipment,Phoenix,William J. Amelio,Chief Executive Officer & Director,26219,-6.1,506.5,-11.4,11240
109,Mondelez International,90000,"Food, Beverages & Tobacco",Food Consumer Products,Deerfield,Irene B. Rosenfeld,Chairman & Chief Executive Officer,25923,-12.5,1659,-77.2,61538
110,Macy’s,148300,Retailing,General Merchandisers,Cincinnati,Jeffrey Gennette,"President, Chief Executive Officer & Director",25778,-4.8,619,-42.3,19851
111,AbbVie,30000,Health Care,Pharmaceuticals,North Chicago,Richard A. Gonzalez,Chairman & Chief Executive Officer,25638,12.2,5953,15.7,66099
112,McDonald’s,375000,"Hotels, Restaurants & Leisure",Food Services,Oak Brook,Stephen J. Easterbrook,"President, Chief Executive Officer & Director",24622,-3.1,4686.5,3.5,31024
113,DuPont,46000,Chemicals,Chemicals,Wilmington,Edward D. Breen,Chairman & Chief Executive Officer,24594,-12,2513,28.7,39964
114,Northrop Grumman,67000,Aerospace & Defense,Aerospace and Defense,Falls Church,Wesley G. Bush,"Chairman, President & Chief Executive Officer",24508,4.2,2200,10.6,25614
115,ConocoPhillips,13300,Energy,"Mining, Crude-Oil Production",Houston,Ryan M. Lance,Chairman & Chief Executive Officer,24360,-21.3,-3615,10.6,89772
116,Raytheon,63000,Aerospace & Defense,Aerospace and Defense,Waltham,Thomas A. Kennedy,Chairman & Chief Executive Officer,24069,3.5,2211,6.6,30052
117,Tesoro,6308,Energy,Petroleum Refining,San Antonio,Gregory J. Goff,"Chairman, President & Chief Executive Officer",24005,-14.7,734,-52.3,20398
118,Arrow Electronics,18700,Wholesalers,Wholesalers: Electronics and Office Equipment,Centennial,Michael J. Long,"Chairman, President & Chief Executive Officer",23825,2.3,522.8,5,14206
119,Qualcomm,30500,Technology,Semiconductors and Other Electronic Components,San Diego,Steven M. Mollenkopf,Chief Executive Officer & Director,23554,-6.8,5705,8.2,52359
120,Progressive,31721,Financials,Insurance: Property and Casualty (Stock),Mayfield Village,Susan Patricia Griffith,"President, Chief Executive Officer & Director",23441,12.4,1031,-18.7,33428
121,Duke Energy,28798,Energy,Utilities: Gas and Electric,Charlotte,Lynn J. Good,"Chairman, President & Chief Executive Officer",23369,-1,2152,-23.6,132761
122,Enterprise Products Partners,6800,Energy,Pipelines,Houston,A. James Teague,Chief Executive Officer & Director,23022,-14.8,2513.1,-0.3,52194
123,Amgen,19200,Health Care,Pharmaceuticals,Thousand Oaks,Robert A. Bradway,Chairman & Chief Executive Officer,22991,6.1,7722,11.3,77626
124,US Foods Holding,25000,Wholesalers,Wholesalers: Food and Grocery,Rosemont,Pietro Satriano,"President, Chief Executive Officer & Director",22919,-0.9,209.8,25.2,8945
125,U.S. Bancorp,71191,Financials,Commercial Banks,Minneapolis,Andrew J. Cecere,"President, Chief Executive Officer & Director",22744,5.8,5888,0.2,445964
126,Aflac,10212,Financials,"Insurance: Life, Health (Stock)",Columbus,Daniel P. Amos,Chairman & Chief Executive Officer,22559,8.1,2659,5,129819
127,Sears Holdings,140000,Retailing,General Merchandisers,Hoffman Estates,Edward S. Lampert,Chairman & Chief Executive Officer,22138,-12,-2221,5,9362
128,Dollar General,121000,Retailing,Specialty Retailers: Other,Goodlettsville,Todd J. Vasos,Chief Executive Officer & Director,21987,7.9,1251.1,7.4,11672
129,AutoNation,26000,Retailing,"Automotive Retailing, Services",Fort Lauderdale,Michael J. Jackson,Chairman & Chief Executive Officer,21609,3.6,430.5,-2.7,10060
130,Community Health Systems,108000,Health Care,Health Care: Medical Facilities,Franklin,Wayne T. Smith,Chairman & Chief Executive Officer,21374,-5.8,-1721,"-1,189.20",21944
131,Starbucks,254000,"Hotels, Restaurants & Leisure",Food Services,Seattle,Keven R. Johnson,"President, Chief Executive Officer & Director",21316,11.2,2817.7,2.2,14330
132,Eli Lilly,41975,Health Care,Pharmaceuticals,Indianapolis,David A. Ricks,"President, Chief Executive Officer & Director",21222,6.3,2737.6,13.7,38806
133,International Paper,55000,Materials,"Packaging, Containers",Memphis,Mark S. Sutton,Chairman & Chief Executive Officer,21079,-5.8,904,-3.6,33345
134,Tenet Healthcare,116475,Health Care,Health Care: Medical Facilities,Dallas,Trevor Fetter,"Chairman, President & Chief Executive Officer",21070,4.8,-192,-3.6,24701
135,Abbott Laboratories,75000,Health Care,Medical Products and Equipment,Abbott Park,Miles D. White,Chairman & Chief Executive Officer,20853,0.9,1400,-68.3,52666
136,Dollar Tree,116050,Retailing,Specialty Retailers: Other,Chesapeake,Bob Sasser,Chief Executive Officer & Director,20719,33.7,896.2,217.4,15702
137,Whirlpool,93000,Industrials,"Electronics, Electrical Equipment",Benton Harbor,Jeff M. Fettig,Chairman & Chief Executive Officer,20718,-0.8,888,13.4,19153
138,Southwest Airlines,53536,Transportation,Airlines,Dallas,Gary C. Kelly,Chairman & Chief Executive Officer,20425,3.1,2244,2.9,23286
139,Emerson Electric,103500,Industrials,"Electronics, Electrical Equipment",St. Louis,David N. Farr,Chairman & Chief Executive Officer,20268,-9.1,1635,-39.7,21743
140,Staples,61503,Retailing,Specialty Retailers: Other,Framingham,Shira D. Goodman,"President, Chief Executive Officer & Director",20217,-4,-1497,-494.8,8271
141,Plains GP Holdings,5100,Energy,Pipelines,Houston,Greg L. Armstrong,Chairman & Chief Executive Officer,20182,-12.8,94,-20.3,26103
142,Penske Automotive Group,24000,Retailing,"Automotive Retailing, Services",Bloomfield Hills,Roger S. Penske,Chairman & Chief Executive Officer,20143,4,342.9,5.2,8861
143,Union Pacific,42919,Transportation,Railroads,Omaha,Lance M. Fritz,"President, Chief Executive Officer, COO & Director",19941,-8.6,4233,-11.3,55718
144,Danaher,62000,Technology,"Scientific, Photographic and Control Equipment",Washington,Thomas P. Joyce Jr.,"President, Chief Executive Officer & Director",19912,-4.8,2553.7,-23.9,45295
145,Southern,32015,Energy,Utilities: Gas and Electric,Atlanta,Thomas A. Fanning,"Chairman, President & Chief Executive Officer",19896,13.8,2448,3.4,109697
146,ManpowerGroup,28000,Business Services,Temporary Help,Milwaukee,Jonas Prising,Chairman & Chief Executive Officer,19654,1.7,443.7,5.8,7574
147,Bristol-Myers Squibb,25000,Health Care,Pharmaceuticals,New York,Giovanni Caforio,Chief Executive Officer & Director,19427,17.3,4457,184.8,33707
148,Altria Group,8300,"Food, Beverages & Tobacco",Tobacco,Richmond,Martin J. Barrington,"Chairman, President & Chief Executive Officer",19337,2.6,14239,171.7,45932
149,Fluor,61551,Engineering & Construction,"Engineering, Construction",Irving,David T. Seaton,Chairman & Chief Executive Officer,19037,5.1,281.4,-31.8,9216
150,Kohl’s,85000,Retailing,General Merchandisers,Menomonee Falls,Kevin Mansell,"Chairman, President & Chief Executive Officer",18686,-2.7,556,-17.4,13574
151,Lear,148400,Motor Vehicles & Parts,Motor Vehicles and Parts,Southfield,Matthew J. Simoncini,"President, Chief Executive Officer & Director",18558,1.9,975.1,30.8,9901
152,Jabil Circuit,138000,Technology,Semiconductors and Other Electronic Components,St. Petersburg,Mark T. Mondello,Chief Executive Officer & Director,18353,2.5,254.1,-10.5,10323
153,Hartford Financial Services Group,16900,Financials,Insurance: Property and Casualty (Stock),Hartford,Christopher J. Swift,Chairman & Chief Executive Officer,18300,-0.4,896,-46.7,223432
154,Thermo Fisher Scientific,54800,Technology,"Scientific, Photographic and Control Equipment",Waltham,Marc N. Casper,"President, Chief Executive Officer & Director",18274,7.7,2021.8,2.3,45908
155,Kimberly-Clark,42000,Household Products,Household and Personal Products,Irving,Thomas J. Falk,Chairman & Chief Executive Officer,18202,-2.1,2166,113.8,14602
156,Molina Healthcare,21000,Health Care,Health Care: Insurance and Managed Care,Long Beach,Jospeh W. White,Interim President & Chief Executive Officer,17782,25.4,52,-63.6,7449
157,PG&E Corp.,24000,Energy,Utilities: Gas and Electric,San Francisco,Geisha J. Williams,"President, Chief Executive Officer & Director",17666,4.9,1393,59.4,68598
158,Supervalu,38000,Food & Drug Stores,Food and Drug Stores,Eden Prairie,Mark Gross,"President, Chief Executive Officer & Director",17529,-1.6,178,-7.3,4370
159,Cummins,55400,Industrials,Industrial Machinery,Columbus,N. Thomas Linebarger,Chairman & Chief Executive Officer,17509,-8.4,1394,-0.4,15011
160,CenturyLink,40000,Telecommunications,Telecommunications,Monroe,Glen F. Post III,"President, Chief Executive Officer & Director",17470,-2.4,626,-28.7,47017
161,AECOM,87000,Engineering & Construction,"Engineering, Construction",Los Angeles,Michael S. Burke,Chairman & Chief Executive Officer,17411,-3.2,96.1,-28.7,13727
162,Xerox,133600,Technology,Computer Peripherals,Norwalk,Jeffrey Jacobson,Chief Executive Officer & Director,17126,-8.2,-477,-200.6,18145
163,Marriott International,226500,"Hotels, Restaurants & Leisure","Hotels, Casinos, Resorts",Bethesda,Arne M. Sorenson,"President, Chief Executive Officer & Director",17072,17.9,780,-9.2,24140
164,Paccar,23000,Industrials,Construction and Farm Machinery,Bellevue,Ronald E. Armstrong,Chief Executive Officer & Director,17033,-10.9,521.7,-67.5,20639
165,General Mills,39000,"Food, Beverages & Tobacco",Food Consumer Products,Minneapolis,Jeffrey L. Harmening,Chief Executive Officer & Director,16563,-6.1,1697.4,39,21712
166,PNC Financial Services Group,50683,Financials,Commercial Banks,Pittsburgh,William S. Demchak,"Chairman, President & Chief Executive Officer",16423,0.9,3903,-4.9,366380
167,American Electric Power,17634,Energy,Utilities: Gas and Electric,Columbus,Nicholas K. Akins,"Chairman, President & Chief Executive Officer",16380,-3.1,610.9,-70.2,63468
168,Icahn Enterprises,90980,Financials,Diversified Financials,New York,Keith Cozza,"President, Chief Executive Officer & Director",16348,7,-1128,-70.2,33335
169,Nucor,23900,Materials,Metals,Charlotte,John J. Ferriola,"Chairman, President & Chief Executive Officer",16208,-1.4,796.3,122.6,15224
170,NextEra Energy,14700,Energy,Utilities: Gas and Electric,Juno Beach,James L. Robo,"Chairman, President & Chief Executive Officer",16155,-7.6,2912,5.8,89993
171,Performance Food Group,13000,Wholesalers,Wholesalers: Food and Grocery,Richmond,George L. Holm,"President, Chief Executive Officer & Director",16105,5.5,68.3,20.9,3455
172,PBF Energy,3165,Energy,Petroleum Refining,Parsippany,Thomas J. Nimbley,Chairman & Chief Executive Officer,15920,21.3,170.8,16.7,7622
173,Halliburton,50000,Energy,"Oil and Gas Equipment, Services",Houston,Jeffrey A. Miller,"President, Chief Executive Officer & Director",15887,-32.8,-5763,16.7,27000
174,CarMax,22429,Retailing,"Automotive Retailing, Services",Richmond,William D. Nash,"President, Chief Executive Officer & Director",15833,6.4,623.4,4.4,14482
175,Freeport-McMoRan,30000,Energy,"Mining, Crude-Oil Production",Phoenix,Richard C. Adkerson,"President, Chief Executive Officer & Director",15789,-0.6,-4154,4.4,37317
176,Whole Foods Market,73515,Food & Drug Stores,Food and Drug Stores,Austin,John P. Mackey,Chief Executive Officer & Director,15724,2.2,507,-5.4,6341
177,Bank of New York Mellon,52000,Financials,Commercial Banks,New York,Gerald L. Hassell,Chairman & Chief Executive Officer,15683,1,3547,12.3,333469
178,Gap,135000,Retailing,Specialty Retailers: Apparel,San Francisco,Arthur L. Peck,"President, Chief Executive Officer & Director",15516,-1.8,676,-26.5,7610
179,Omnicom Group,78500,Business Services,"Advertising, Marketing",New York,John D. Wren,"President, Chief Executive Officer & Director",15417,1.9,1148.6,5,23165
180,Genuine Parts,40000,Wholesalers,Wholesalers: Diversified,Atlanta,Paul D. Donahue,"President, Chief Executive Officer & Director",15340,0.4,687.2,-2.6,8859
181,DaVita,70300,Health Care,Health Care: Medical Facilities,Denver,Kent J. Thiry,Co-Chairman & Chief Executive Officer,15197,6.9,879.9,226.2,18741
182,Colgate-Palmolive,36700,Household Products,Household and Personal Products,New York,Ian M. Cook,"Chairman, President & Chief Executive Officer",15195,-5.2,2441,76.4,12123
183,PPG Industries,47000,Chemicals,Chemicals,Pittsburgh,Michael H. McGarry,Chairman & Chief Executive Officer,15178,-1,877,-37.6,15769
184,Goodyear Tire & Rubber,66000,Motor Vehicles & Parts,Motor Vehicles and Parts,Akron,Richard J. Kramer,"Chairman, President & Chief Executive Officer",15158,-7.8,1264,311.7,16511
185,Synchrony Financial,15000,Financials,Diversified Financials,Stamford,Margaret M. Keane,"President, Chief Executive Officer & Director",15122,11,2251,1.7,90207
186,DISH Network,16000,Telecommunications,Telecommunications,Englewood,Charles W. Ergen,Chairman & Chief Executive Officer,15095,0.2,1449.9,94.1,28092
187,Visa,14200,Business Services,Financial Data Services,Foster City,Alfred F. Kelly Jr.,Chief Executive Officer & Director,15082,8.7,5991,-5.3,64035
188,Nordstrom,72500,Retailing,General Merchandisers,Seattle,Blake W. Nordstrom,"Principal Executive Officer, Co-President and Director",14757,2.2,354,-41,7858
189,INTL FCStone,1464,Financials,Diversified Financials,New York,Sean M. O'Connor,"President, Chief Executive Officer & Director",14755,-57.5,54.7,-1.8,5951
190,WestRock,39000,Materials,"Packaging, Containers",Richmond,Steven C. Voorhees,Chief Executive Officer & Director,14706,29.2,-396.3,-178.2,23038
191,XPO Logistics,87000,Transportation,Transportation and Logistics,Greenwich,Bradley S. Jacobs,Chairman & Chief Executive Officer,14619,91.8,69,-178.2,11698
192,Aramark,217250,Business Services,Diversified Outsourcing Services,Philadelphia,Eric J. Foss,"Chairman, President & Chief Executive Officer",14416,0.6,287.8,22,10582
193,CBS,18410,Media,Entertainment,New York,Leslie Moonves,Chairman & Chief Executive Officer,14386,3.6,1261,-10.8,24238
194,AES,19000,Energy,Utilities: Gas and Electric,Arlington,Andres R. Gluski,"President, Chief Executive Officer & Director",14287,-4.5,-1130,-469.3,36119
195,WellCare Health Plans,7400,Health Care,Health Care: Insurance and Managed Care,Tampa,Kenneth A. Burdick,Chief Executive Officer & Director,14237,2.5,242.1,104.1,6153
196,FirstEnergy,15707,Energy,Utilities: Gas and Electric,Akron,Charles E. Jones,"President, Chief Executive Officer & Director",14156,-3.1,-6177,"-1,168.70",43148
197,Conagra Brands,20900,"Food, Beverages & Tobacco",Food Consumer Products,Chicago,Sean M. Connolly,"President, Chief Executive Officer & Director",14134,-10.8,-677,"-1,168.70",13391
198,Synnex,110000,Wholesalers,Wholesalers: Electronics and Office Equipment,Fremont,Kevin M. Murai,"President, Chief Executive Officer & Director",14062,5.4,234.9,12.7,5223
199,CDW,8516,Technology,Information Technology Services,Lincolnshire,Thomas E. Richards,"Chairman, President & Chief Executive Officer",13982,7.6,424.4,5.3,6948
200,Textron,36000,Aerospace & Defense,Aerospace and Defense,Providence,Scott C. Donnelly,"Chairman, President & Chief Executive Officer",13788,2.7,962,38,15358
201,Waste Management,41200,Business Services,Waste Management,Houston,James C. Fish Jr.,"President, Chief Executive Officer & Director",13609,5,1182,57,20859
202,Illinois Tool Works,50000,Industrials,Industrial Machinery,Glenview,E. Scott Santi,"Chairman, President & Chief Executive Officer",13599,1.4,2035,7.2,15201
203,Office Depot,38000,Retailing,Specialty Retailers: Other,Boca Raton,Gerry P. Smith,Chief Executive Officer & Director,13585,-6.2,529,"6,512.50",5540
204,Monsanto,22450,Chemicals,Chemicals,St. Louis,Hugh Grant,Chairman & Chief Executive Officer,13502,-10,1336,-42.3,19736
205,Cognizant Technology Solutions,260200,Technology,Information Technology Services,Teaneck,Francisco D'Souza,Chief Executive Officer & Director,13487,8.6,1553,-4.3,14262
206,Texas Instruments,29865,Technology,Semiconductors and Other Electronic Components,Dallas,Richard K. Templeton,"Chairman, President & Chief Executive Officer",13370,2.8,3595,20.4,16431
207,Lincoln National,9057,Financials,"Insurance: Life, Health (Stock)",Radnor,Dennis R. Glass,"President, Chief Executive Officer & Director",13330,-1.8,1192,3.3,261627
208,Newell Brands,53400,Household Products,"Home Equipment, Furnishings",Hoboken,Michael B. Polk,Chief Executive Officer & Director,13264,122.1,527.8,50.8,33838
209,Land O’Lakes,10000,"Food, Beverages & Tobacco",Food Consumer Products,Arden Hills,Christopher J. Policinski,"President, Chief Executive Officer & Director",13233,0.6,244.9,-20.4,8305
210,Marsh & McLennan,60000,Financials,Diversified Financials,New York,Daniel S. Glaser,"President, Chief Executive Officer & Director",13211,2.5,1768,10.6,18190
211,Ecolab,47565,Chemicals,Chemicals,St. Paul,Douglas M. Baker Jr.,Chairman & Chief Executive Officer,13153,-2.9,1229.6,22.7,18330
212,C.H. Robinson Worldwide,14125,Transportation,Transportation and Logistics,Eden Prairie,John P. Wiehoff,"Chairman, President & Chief Executive Officer",13144,-2.5,513.4,0.7,3688
213,Loews,15800,Financials,Insurance: Property and Casualty (Stock),New York,James S. Tisch,"President, Chief Executive Officer & Director",13105,-2.3,654,151.5,76594
214,CBRE Group,75000,Financials,Real Estate,Los Angeles,Robert E. Sulentic,"President, Chief Executive Officer & Director",13072,20.4,572,4.5,10780
215,Kinder Morgan,11121,Energy,Pipelines,Houston,Steven J. Kean,"President, Chief Executive Officer & Director",13058,-9.3,708,179.8,80305
216,Kellogg,37369,"Food, Beverages & Tobacco",Food Consumer Products,Battle Creek,John A. Bryant,Chairman & Chief Executive Officer,13014,-3.8,694,13,15111
217,Western Digital,72878,Technology,Computer Peripherals,Irvine,Stephen D. Milligan,Chief Executive Officer & Director,12994,-10.8,242,-83.5,32862
218,Guardian Life Ins. Co. of America,8876,Financials,"Insurance: Life, Health (Mutual)",New York,Deanna M. Mulligan,"President, Chief Executive Officer & Director",12919,2.3,263.9,-35.7,70339
219,Ross Stores,78600,Retailing,Specialty Retailers: Apparel,Dublin,Barbara Rentler,Chief Executive Officer & Director,12867,7.8,1117.7,9.5,5309
220,L Brands,59100,Retailing,Specialty Retailers: Apparel,Columbus,Leslie H. Wexner,Chairman & Chief Executive Officer,12574,3.5,1158.1,-7.6,8170
221,J.C. Penney,106000,Retailing,General Merchandisers,Plano,Marvin R. Ellison,Chairman & Chief Executive Officer,12547,-0.6,1,-7.6,9314
222,Farmers Insurance Exchange,13309,Financials,Insurance: Property and Casualty (Mutual),Woodland Hills,Jeffrey J. Dailey,Chief Executive Officer & Director,12513,-0.9,-147.9,-7.6,16057
223,Reynolds American,5525,"Food, Beverages & Tobacco",Tobacco,Winston-Salem,Debra A. Crew,"President, Chief Executive Officer & Director",12503,17.1,6073,86.7,51095
224,Viacom,9650,Media,Entertainment,New York,Robert Bakish,"President, Chief Executive Officer & Director",12488,-5.9,1438,-25.2,22508
225,Becton Dickinson,50928,Health Care,Medical Products and Equipment,Franklin Lakes,Vincent A. Forlenza,Chairman & Chief Executive Officer,12483,21.4,976,40.4,25586
226,Micron Technology,31400,Technology,Semiconductors and Other Electronic Components,Boise,Sanjay Mehrotra,"President, Chief Executive Officer & Director",12399,-23.4,-276,-109.5,27540
227,Principal Financial,14854,Financials,"Insurance: Life, Health (Stock)",Des Moines,Daniel J. Houston,"Chairman, President & Chief Executive Officer",12394,3.6,1316.5,6.7,228014
228,Arconic,41500,Aerospace & Defense,Aerospace and Defense,New York,David P. Hess,Interim Chief Executive Officer & Director,12394,-45,-941,6.7,20038
229,NRG Energy,8763,Energy,Energy,Princeton,Mauricio Gutierrez,"President, Chief Executive Officer & Director",12351,-15.8,-774,6.7,30355
230,VF,69000,Apparel,Apparel,Greensboro,Steven E. Rendle,"President, Chief Executive Officer & Director",12207,-1.4,1074.1,-12.8,9739
231,Devon Energy,3545,Energy,"Mining, Crude-Oil Production",Oklahoma City,David A. Hager,"President, Chief Executive Officer & Director",12197,-7.2,-3302,-12.8,25913
232,D.R. Horton,6976,Engineering & Construction,Homebuilders,Fort Worth,David V. Auld,"President, Chief Executive Officer & Director",12157,12.3,886.3,18.1,11559
233,Bed Bath & Beyond,62000,Retailing,Specialty Retailers: Other,Union,Steven H. Temares,Chief Executive Officer & Director,12104,1.9,841.5,-12.1,6499
234,Consolidated Edison,14960,Energy,Utilities: Gas and Electric,New York,John McAvoy,Chairman & Chief Executive Officer,12075,-3.8,1245,4.4,48255
235,Edison International,12390,Energy,Utilities: Gas and Electric,Rosemead,Pedro J. Pizarro,"President, Chief Executive Officer & Director",11869,3,1311,28.5,51319
236,Sherwin-Williams,42550,Chemicals,Chemicals,Cleveland,John G. Morikis,"Chairman, President & Chief Executive Officer",11856,4.6,1132.7,7.5,6753
237,NGL Energy Partners,3200,Energy,Energy,Tulsa,H. Michael Krimbill,Chief Executive Officer & Director,11742,-30.1,-198.9,-633.2,5560
238,Dominion Energy,16200,Energy,Utilities: Gas and Electric,Richmond,Thomas F. Farrell II,"Chairman, President & Chief Executive Officer",11737,0.5,2123,11.8,71610
239,Ameriprise Financial,13195,Financials,Diversified Financials,Minneapolis,James M. Cracchiolo,Chairman & Chief Executive Officer,11735,-3.8,1314,-15.9,139821
240,ADP,57000,Business Services,Diversified Outsourcing Services,Roseland,Carlos A. Rodriguez,"President, Chief Executive Officer & Director",11668,1.7,1492.5,2.8,43670
241,Hilton Worldwide Holdings,169000,"Hotels, Restaurants & Leisure","Hotels, Casinos, Resorts",McLean,Christopher J. Nassetta,"President, Chief Executive Officer & Director",11663,3.5,348,-75.2,26211
242,First Data,24000,Business Services,Financial Data Services,Atlanta,Frank J. Bisignano,Chairman & Chief Executive Officer,11584,1.2,420,-75.2,40292
243,Henry Schein,21000,Wholesalers,Wholesalers: Health Care,Melville,Stanley M. Bergman,Chairman & Chief Executive Officer,11572,8.9,506.8,5.8,6730
244,Toys “R” Us,64000,Retailing,Specialty Retailers: Other,Wayne,David A. Brandon,Chairman & Chief Executive Officer,11540,-2.2,-36,5.8,6908
245,BB&T Corp.,37500,Financials,Commercial Banks,Winston-Salem,Kelly S. King,Chairman & Chief Executive Officer,11538,11.5,2426,16.4,219276
246,Reinsurance Group of America,2371,Financials,"Insurance: Life, Health (Stock)",Chesterfield,Anna Manning,"President, Chief Executive Officer & Director",11522,10.6,701.4,39.7,53098
247,Core-Mark Holding,7688,Wholesalers,Wholesalers: Food and Grocery,South San Francisco,Thomas B. Perkins,"President, Chief Executive Officer & Director",11507,29.9,54.2,5.2,1497
248,Biogen,7400,Health Care,Pharmaceuticals,Cambridge,Michel Vounatsos,Chief Executive Officer & Director,11449,6.4,3702.8,4.4,22877
249,Las Vegas Sands,49000,"Hotels, Restaurants & Leisure","Hotels, Casinos, Resorts",Las Vegas,Sheldon G. Adelson,Chairman & Chief Executive Officer,11410,-2.4,1670,-15.1,20469
250,Stanley Black & Decker,54023,Household Products,"Home Equipment, Furnishings",New Britain,James M. Loree,"President, Chief Executive Officer & Director",11407,1.7,965.3,9.2,15635
251,Parker-Hannifin,48950,Industrials,Industrial Machinery,Cleveland,Thomas L. Williams,Chairman & Chief Executive Officer,11361,-10.6,806.8,-20.3,12057
252,Stryker,33000,Health Care,Medical Products and Equipment,Kalamazoo,Kevin A. Lobo,Chairman & Chief Executive Officer,11325,13.9,1647,14.5,20435
253,Estee Lauder,46000,Household Products,Household and Personal Products,New York,Fabrizio Freda,"President, Chief Executive Officer & Director",11262,4.5,1114.6,2.4,9223
254,Celgene,7132,Health Care,Pharmaceuticals,Summit,Mark J. Alles,Chief Executive Officer & Director,11229,21.3,1999.2,24.8,28086
255,BlackRock,13000,Financials,Securities,New York,Laurence D. Fink,Chairman & Chief Executive Officer,11155,-2.2,3172,-5.2,220177
256,Xcel Energy,11476,Energy,Utilities: Gas and Electric,Minneapolis,Benjamin G.S. Fowke III,"Chairman, President & Chief Executive Officer",11107,0.7,1123.4,14.1,41155
257,CSX,26628,Transportation,Railroads,Jacksonville,E. Hunter Harrison,"President, Chief Executive Officer & Director",11069,-6.3,1714,-12.9,35414
258,Unum Group,9400,Financials,"Insurance: Life, Health (Stock)",Chattanooga,Richard P. McKenney,"President, Chief Executive Officer & Director",11047,2.9,931.4,7.4,61942
259,Jacobs Engineering Group,49350,Engineering & Construction,"Engineering, Construction",Dallas,Steven J. Demetriou,"Chairman, President & Chief Executive Officer",10964,-9.5,210.5,-30.5,7360
260,Lennar,8335,Engineering & Construction,Homebuilders,Miami,Stuart A. Miller,Chief Executive Officer & Director,10950,15.6,911.8,13.6,15362
261,Group 1 Automotive,13500,Retailing,"Automotive Retailing, Services",Houston,Earl J. Hesterberg,"President, Chief Executive Officer & Director",10888,2.4,147.1,56.5,4462
262,Leucadia National,13000,Financials,Diversified Financials,New York,Richard B. Handler,Chief Executive Officer & Director,10875,-6.9,130,-54.2,45071
263,Entergy,13513,Energy,Utilities: Gas and Electric,New Orleans,Leo P. Denault,Chairman & Chief Executive Officer,10846,-5.8,-583.6,-54.2,45904
264,PayPal Holdings,18100,Business Services,Financial Data Services,San Jose,Daniel H. Schulman,"President, Chief Executive Officer & Director",10842,17.2,1401,14.1,33103
265,Applied Materials,16150,Technology,Semiconductors and Other Electronic Components,Santa Clara,Gary E. Dickerson,"President, Chief Executive Officer & Director",10825,12.1,1721,25,14588
266,Voya Financial,6700,Financials,Diversified Financials,New York,Rodney O. Martin Jr.,Chairman & Chief Executive Officer,10782,-4.9,-428,-204.8,214235
267,Mastercard,11900,Business Services,Financial Data Services,Purchase,Ajay Banga,"President, Chief Executive Officer & Director",10776,11.5,4059,6.6,18675
268,Priceline Group,18500,Technology,Internet Services and Retailing,Norwalk,Glenn D. Fogel,"President, Chief Executive Officer & Director",10743,16.5,2135,-16.3,19839
269,Liberty Interactive,21080,Retailing,Internet Services and Retailing,Englewood,Gregory B. Maffei,"President, Chief Executive Officer & Director",10647,6.6,1235,42.1,20355
270,AutoZone,66780,Retailing,Specialty Retailers: Other,Memphis,William C. Rhodes III,"Chairman, President & Chief Executive Officer",10636,4.4,1241,7,8600
271,State Street Corp.,33783,Financials,Commercial Banks,Boston,Joseph L. Hooley,Chairman & Chief Executive Officer,10635,-1.2,2143,8.2,242698
272,DTE Energy,10000,Energy,Utilities: Gas and Electric,Detroit,Gerard M. Anderson,Chairman & Chief Executive Officer,10630,2.8,868,19.4,32041
273,L3 Technologies,38000,Aerospace & Defense,Aerospace and Defense,New York,Michael T. Strianese,Chairman & Chief Executive Officer,10597,-8.3,710,19.4,11865
274,HollyFrontier,2676,Energy,Petroleum Refining,Dallas,George J. Damiris,"President, Chief Executive Officer & Director",10536,-20.4,-260.5,-135.2,9436
275,Praxair,26498,Chemicals,Chemicals,Danbury,Stephen F. Angel,Chairman & Chief Executive Officer,10534,-2.2,1500,-3,19332
276,Universal Health Services,70863,Health Care,Health Care: Medical Facilities,King of Prussia,Alan B. Miller,Chairman & Chief Executive Officer,10508,7.4,702.4,3.2,10318
277,Discover Financial Services,15549,Financials,Commercial Banks,Riverwoods,David W. Nelms,Chairman & Chief Executive Officer,10497,4.9,2393,4.2,92308
278,Occidental Petroleum,11000,Energy,"Mining, Crude-Oil Production",Houston,Vicki A. Hollub,"President, Chief Executive Officer & Director",10398,-18.1,-574,4.2,43109
279,United States Steel,29800,Materials,Metals,Pittsburgh,David B. Burritt,"President, Chief Executive Officer & Director",10261,-11.3,-440,4.2,9160
280,Sempra Energy,16575,Energy,Utilities: Gas and Electric,San Diego,Debra L. Reed,Chairman & Chief Executive Officer,10183,-0.5,1370,1.6,47786
281,Baxter International,48000,Health Care,Medical Products and Equipment,Deerfield,Jose E. Almeida,"Chairman, President & Chief Executive Officer",10163,2,4965,412.9,15546
282,W.W. Grainger,25000,Wholesalers,Wholesalers: Diversified,Lake Forest,D.G. Macpherson,Chief Executive Officer & Director,10137,1.6,605.9,-21.2,5694
283,Autoliv,65900,Motor Vehicles & Parts,Motor Vehicles and Parts,Auburn Hills,Jan Carlson,"Chairman, President & Chief Executive Officer",10074,9.9,567.1,24.1,8234
284,Norfolk Southern,27856,Transportation,Railroads,Norfolk,James A. Squires,"Chairman, President & Chief Executive Officer",9888,-5.9,1668,7.2,34892
285,Baker Hughes,33000,Energy,"Oil and Gas Equipment, Services",Houston,Martin S. Craighead,"Chairman, President & Chief Executive Officer",9841,-37.5,-2738,7.2,19034
286,Ally Financial,7600,Financials,Diversified Financials,Detroit,Jeffrey J. Brown,Chief Executive Officer & Director,9835,3.1,1067,-17.2,163728
287,Sonic Automotive,9800,Retailing,"Automotive Retailing, Services",Charlotte,B. Scott Smith,"President, Chief Executive Officer & Director",9732,1.1,93.2,8,3639
288,Owens & Minor,7900,Wholesalers,Wholesalers: Health Care,Mechanicsville,P. Cody Phipps,"President, Chief Executive Officer & Director",9723,-0.5,108.8,5.2,2718
289,Huntsman,15000,Chemicals,Chemicals,The Woodlands,Peter R. Huntsman,"President, Chief Executive Officer & Director",9657,-6.2,326,250.5,9189
290,Laboratory Corp. of America,52000,Health Care,Health Care: Pharmacy and Other Services,Burlington,David P. King,"Chairman, President & Chief Executive Officer",9642,11.1,732.1,67.6,14247
291,Murphy USA,6600,Retailing,Specialty Retailers: Other,El Dorado,R. Andrew Clyde,"President, Chief Executive Officer & Director",9633,-11.5,221.5,25.6,2089
292,Advance Auto Parts,57500,Retailing,Specialty Retailers: Other,Roanoke,Thomas R. Greco,"President, Chief Executive Officer & Director",9568,-1.7,459.6,-2.9,8315
293,Fidelity National Financial,55219,Financials,Insurance: Property and Casualty (Stock),Jacksonville,Raymond R. Quirk,Chief Executive Officer & Director,9554,4.6,650,23.3,14463
294,Air Products & Chemicals,18450,Chemicals,Chemicals,Allentown,Seifi Ghasemi,"Chairman, President & Chief Executive Officer",9524,-3.7,631.1,-50.6,18055
295,Hormel Foods,21100,"Food, Beverages & Tobacco",Food Consumer Products,Austin,James P. Snee,Chief Executive Officer & Director,9523,2.8,890.1,29.7,6370
296,Hertz Global Holdings,36000,Retailing,"Automotive Retailing, Services",Estero,Kathryn V. Marinello,"President, Chief Executive Officer & Director",9480,-10,-491,-279.9,19155
297,MGM Resorts International,66500,"Hotels, Restaurants & Leisure","Hotels, Casinos, Resorts",Las Vegas,James J. Murren,Chairman & Chief Executive Officer,9455,2.9,1101.4,-279.9,28173
298,Corning,40700,Industrials,"Electronics, Electrical Equipment",Corning,Wendell P. Weeks,"Chairman, President & Chief Executive Officer",9390,3.1,3695,176,27899
299,Republic Services,33000,Business Services,Waste Management,Phoenix,Donald W. Slager,"President, Chief Executive Officer & Director",9388,3,612.6,-18.3,20630
300,Alcoa,14000,Materials,Metals,New York,Roy C. Harvey,Chief Executive Officer & Director,9318,3,-400,-18.3,16741
301,Fidelity National Information Services,55000,Business Services,Financial Data Services,Jacksonville,Gary A. Norcross,"President, Chief Executive Officer & Director",9241,40.1,568,-10.1,26031
302,Pacific Life,3628,Financials,"Insurance: Life, Health (Stock)",Newport Beach,James T. Morris,"Chairman, President & Chief Executive Officer",9169,6.1,824,24.7,143298
303,SunTrust Banks,24375,Financials,Commercial Banks,Atlanta,William H. Rogers Jr.,Chairman & Chief Executive Officer,9161,7.4,1878,-2.8,204875
304,LKQ,42500,Wholesalers,Wholesalers: Diversified,Chicago,Dominick P. Zarcone,"President, Chief Executive Officer & Director",9082,26.3,464,9.6,8303
305,BorgWarner,27000,Motor Vehicles & Parts,Motor Vehicles and Parts,Auburn Hills,James R. Verrier,"President, Chief Executive Officer & Director",9071,13.1,118.5,-80.6,8835
306,Ball,18450,Materials,"Packaging, Containers",Broomfield,John A. Hayes,"Chairman, President & Chief Executive Officer",9061,13.3,263,-6.4,16173
306,CST Brands,12380,Retailing,Specialty Retailers: Other,San Antonio,Kimberly S. Lubel,"Chairman, President & Chief Executive Officer",9061,-4.6,324,117.4,4360
306,Public Service Enterprise Group,13065,Energy,Utilities: Gas and Electric,Newark,Ralph Izzo,"Chairman, President & Chief Executive Officer",9061,-13,887,-47.2,40070
309,Eastman Chemical,14000,Chemicals,Chemicals,Kingsport,Mark J. Costa,Chairman & Chief Executive Officer,9008,-6.6,854,0.7,15457
310,eBay,12600,Technology,Internet Services and Retailing,San Jose,Devin N. Wenig,"President, Chief Executive Officer & Director",8979,-5.4,7266,321.2,23847
311,Mohawk Industries,37800,Household Products,"Home Equipment, Furnishings",Calhoun,Jeffrey S. Lorberbaum,Chairman & Chief Executive Officer,8959,11,930.4,51.2,10231
312,Oneok,2384,Energy,Pipelines,Tulsa,Terry K. Spencer,"President, Chief Executive Officer & Director",8921,14.9,352,43.7,16139
313,Frontier Communications,28332,Telecommunications,Telecommunications,Norwalk,Daniel J. McCarthy,"President, Chief Executive Officer & Director",8896,59.5,-373,43.7,29013
314,Netflix,3850,Technology,Internet Services and Retailing,Los Gatos,Reed Hastings,"Chairman, President & Chief Executive Officer",8831,30.3,186.7,52.2,13587
315,American Family Insurance Group,10471,Financials,Insurance: Property and Casualty (Stock),Madison,Jack C. Salzwedel,Chairman & Chief Executive Officer,8829,6.6,325.6,-53.1,22662
316,Thrivent Financial for Lutherans,3282,Financials,"Insurance: Life, Health (Mutual)",Minneapolis,Bradford L. Hewitt,Chief Executive Officer & Director,8777,-0.1,587.8,-23.6,88561
317,Expedia,20075,Technology,Internet Services and Retailing,Bellevue,Dara Khosrowshahi,"President, Chief Executive Officer & Director",8774,31.5,281.8,-63.1,15778
318,Lithia Motors,11170,Retailing,"Automotive Retailing, Services",Medford,Bryan B. DeBoer,"President, Chief Executive Officer & Director",8678,10.3,197.1,7.7,3844
319,Avis Budget Group,25600,Retailing,"Automotive Retailing, Services",Parsippany,Larry D. De Shon,Chief Executive Officer & Director,8659,1.8,163,-47.9,17643
320,Reliance Steel & Aluminum,14500,Materials,Metals,Los Angeles,Gregg J. Mollins,"President, Chief Executive Officer & Director",8613,-7.9,304.3,-2.3,7411
321,GameStop,41750,Retailing,Specialty Retailers: Other,Grapevine,J. Paul Raines,Chief Executive Officer & Director,8608,-8.1,353.2,-12.3,4976
322,Tenneco,31000,Motor Vehicles & Parts,Motor Vehicles and Parts,Lake Forest,Brian J. Kesseler,Chairman & Chief Executive Officer,8599,4.8,363,47,4342
323,O’Reilly Automotive,58397,Retailing,Specialty Retailers: Other,Springfield,Gregory L. Henslee,Chief Executive Officer & Director,8593,7.9,1037.7,11.4,7204
324,Peter Kiewit Sons’,20000,Engineering & Construction,"Engineering, Construction",Omaha,Bruce E. Grewcock,"President, Chief Executive Officer & Director",8573,-4.7,396,57.8,6179
325,United Natural Foods,9554,Wholesalers,Wholesalers: Food and Grocery,Providence,Steven L. Spinner,"Chairman, President & Chief Executive Officer",8470,3.5,125.8,-9.3,2852
326,salesforce.com,25000,Technology,Computer Software,San Francisco,Marc R. Benioff,Chairman & Chief Executive Officer,8392,25.9,179.6,-9.3,17585
327,Boston Scientific,27000,Health Care,Medical Products and Equipment,Marlborough,Michael F. Mahoney,"Chairman, President & Chief Executive Officer",8386,12.2,347,-9.3,18096
328,Newmont Mining,12438,Energy,"Mining, Crude-Oil Production",Greenwood Village,Gary J. Goldberg,"President, Chief Executive Officer & Director",8379,8.4,-627,-385,21031
329,Genworth Financial,3400,Financials,"Insurance: Life, Health (Stock)",Richmond,Thomas J. McInerney,"President, Chief Executive Officer & Director",8369,-9.5,-277,-385,104658
330,Live Nation Entertainment,11500,Media,Entertainment,Beverly Hills,Michael Rapino,"President, Chief Executive Officer & Director",8355,15.3,2.9,-385,6764
331,Veritiv,8700,Wholesalers,Wholesalers: Diversified,Atlanta,Mary A. Laschinger,Chairman & Chief Executive Officer,8327,-4.5,21,-21.3,2484
332,News Corp.,24000,Media,"Publishing, Printing",New York,Robert J. Thomson,Chief Executive Officer & Director,8319,-3.6,179,-21.3,15483
333,Crown Holdings,23992,Materials,"Packaging, Containers",Philadelphia,Timothy J. Donahue,"President, Chief Executive Officer & Director",8284,-5.5,496,26.2,9599
334,Global Partners,1770,Wholesalers,Wholesalers: Diversified,Waltham,Eric Slifka,"President, Chief Executive Officer & Director",8240,-20.1,-199.4,-557.8,2564
335,PVH,26650,Apparel,Apparel,New York,Emanuel Chirico,Chairman & Chief Executive Officer,8203,2.3,549,-4.1,11068
336,Level 3 Communications,12600,Telecommunications,Telecommunications,Broomfield,Jeffrey K. Storey,"President, Chief Executive Officer & Director",8172,-0.7,677,-80.3,24888
337,Navistar International,11300,Industrials,Construction and Farm Machinery,Lisle,Troy A. Clarke,"Chairman, President & Chief Executive Officer",8111,-20,-97,-80.3,5653
338,Univar,8700,Wholesalers,Wholesalers: Diversified,Downers Grove,Stephen D. Newlin,"Chairman, President & Chief Executive Officer",8074,-10.1,-68.4,-514.5,5390
339,Campbell Soup,16500,"Food, Beverages & Tobacco",Food Consumer Products,Camden,Denise M. Morrison,"President, Chief Executive Officer & Director",7961,-1.5,563,-18.5,7837
340,Dick’s Sporting Goods,27550,Retailing,Specialty Retailers: Other,Coraopolis,Edward W. Stack,Chairman & Chief Executive Officer,7922,9,287.4,-13,4058
341,Weyerhaeuser,10400,Materials,Forest and Paper Products,Seattle,Doyle R. Simons,"President, Chief Executive Officer & Director",7902,11.6,1027,103,19243
342,Mutual of Omaha Insurance,5732,Financials,"Insurance: Life, Health (Stock)",Omaha,James T. Blackledge,"President, Chief Executive Officer & Director",7899,9.2,356.6,7.1,38465
343,Chesapeake Energy,3300,Energy,"Mining, Crude-Oil Production",Oklahoma City,Robert D. Lawler,"President, Chief Executive Officer & Director",7872,-38.3,-4401,7.1,13028
344,Anadarko Petroleum,4500,Energy,"Mining, Crude-Oil Production",The Woodlands,R. A. Walker,"Chairman, President & Chief Executive Officer",7869,-9.5,-3071,7.1,45564
345,Interpublic Group,49800,Business Services,"Advertising, Marketing",New York,Michael I. Roth,Chairman & Chief Executive Officer,7847,3.1,608.5,33.9,12485
346,J.M. Smucker,6910,"Food, Beverages & Tobacco",Food Consumer Products,Orrville,Mark T. Smucker,"President, Chief Executive Officer & Director",7811,37.2,688.7,99.7,15984
347,Steel Dynamics,7695,Materials,Metals,Fort Wayne,Mark D. Millett,"President, Chief Executive Officer & Director",7777,2.4,382.1,99.7,6424
348,Foot Locker,32965,Retailing,Specialty Retailers: Apparel,New York,Richard A. Johnson,"Chairman, President & Chief Executive Officer",7766,4.8,664,22.7,3840
349,Western Refining,7134,Energy,Petroleum Refining,El Paso,Gregory J. Goff,Chief Executive Officer & Director,7743,-20.9,124.9,-69.3,5560
350,SpartanNash,11500,Wholesalers,Wholesalers: Food and Grocery,Byron Center,David M. Staples,"President, Chief Executive Officer & Director",7735,1.1,56.8,-9.4,1930
351,Dean Foods,17000,"Food, Beverages & Tobacco",Food Consumer Products,Dallas,Ralph P. Scozzafava,Chief Executive Officer & Director,7710,-5.1,119.9,-9.4,2606
352,Zimmer Biomet Holdings,18500,Health Care,Medical Products and Equipment,Warsaw,David C. Dvorak,"President, Chief Executive Officer & Director",7684,28.1,305.9,108.1,26684
353,PulteGroup,4623,Engineering & Construction,Homebuilders,Atlanta,Ryan R. Marshall,"President, Chief Executive Officer & Director",7669,28.2,602.7,22,10178
354,W.R. Berkley,7608,Financials,Insurance: Property and Casualty (Stock),Greenwich,W. Robert Berkley Jr.,"President, Chief Executive Officer & Director",7654,6.2,601.9,19.5,23365
355,Quanta Services,28100,Engineering & Construction,"Engineering, Construction",Houston,Earl C. Austin Jr.,"President, Chief Executive Officer & Director",7651,0.2,198.4,-36.2,5354
356,EOG Resources,2650,Energy,"Mining, Crude-Oil Production",Houston,William R. Thomas,Chairman & Chief Executive Officer,7651,-12.6,-1096.7,-36.2,29459
357,Charles Schwab,16200,Financials,Securities,San Francisco,Walter W. Bettinger II,"President, Chief Executive Officer & Director",7644,17.6,1889,30.5,223383
358,Eversource Energy,7762,Energy,Utilities: Gas and Electric,Springfield,James J. Judge,"President, Chief Executive Officer & Director",7639,-4,942.3,7.3,32053
359,Anixter International,8900,Wholesalers,Wholesalers: Electronics and Office Equipment,Glenview,Robert J. Eck,"President, Chief Executive Officer & Director",7625,15.6,120.5,-5.6,4094
360,EMCOR Group,31000,Engineering & Construction,"Engineering, Construction",Norwalk,Anthony J. Guzzi,"President, Chief Executive Officer & Director",7552,12.3,181.9,5.6,3894
361,Assurant,14700,Financials,Insurance: Property and Casualty (Stock),New York,Alan B. Colberg,"President, Chief Executive Officer & Director",7532,-27.1,565.4,299.4,29709
362,CenterPoint Energy,7727,Energy,Utilities: Gas and Electric,Houston,Scott M. Prochazka,"President, Chief Executive Officer & Director",7528,1.9,432,299.4,21829
363,Harris,21000,Technology,Network and Other Communications Equipment,Melbourne,William M. Brown,"Chairman, President & Chief Executive Officer",7527,48.1,324,-3,11996
364,HD Supply Holdings,14000,Wholesalers,Wholesalers: Diversified,Atlanta,Joseph J. DeAngelo,"Chairman, President & Chief Executive Officer",7524,-14.3,196,-86.7,5707
365,PPL,12689,Energy,Utilities: Gas and Electric,Allentown,William H. Spence,"Chairman, President & Chief Executive Officer",7517,-2,1902,178.9,38315
366,Quest Diagnostics,43000,Health Care,Health Care: Pharmacy and Other Services,Madison,Stephen H. Rusckowski,"Chairman, President & Chief Executive Officer",7515,0.3,645,-9,10100
367,Williams,5604,Energy,Energy,Tulsa,Alan S. Armstrong,"President, Chief Executive Officer & Director",7499,1.9,-424,-9,46835
368,WEC Energy Group,8074,Energy,Utilities: Gas and Electric,Milwaukee,Allen L. Leverett,"President, Chief Executive Officer & Director",7472,26.1,939,47.1,30123
369,Hershey,17140,"Food, Beverages & Tobacco",Food Consumer Products,Hershey,Michele G. Buck,"President, Chief Executive Officer & Director",7440,0.7,720,40.4,5524
370,AGCO,19795,Industrials,Construction and Farm Machinery,Duluth,Martin H. Richenhagen,"Chairman, President & Chief Executive Officer",7411,-0.8,160.1,-39.9,7168
371,Ralph Lauren,20500,Apparel,Apparel,New York,Patrice Louvet,"President, Chief Executive Officer & Director",7405,-2.8,396,-43.6,6213
372,Masco,26000,Household Products,"Home Equipment, Furnishings",Taylor,Keith J. Allman,"President, Chief Executive Officer & Director",7357,-6.9,491,38.3,5137
373,WESCO International,9000,Wholesalers,Wholesalers: Diversified,Pittsburgh,John J. Engel,"Chairman, President & Chief Executive Officer",7336,-2.4,101.6,-51.8,4491
374,LifePoint Health,47000,Health Care,Health Care: Medical Facilities,Brentwood,William F. Carpenter III,Chairman & Chief Executive Officer,7274,20.9,121.9,-33,6319
375,National Oilwell Varco,36384,Energy,"Oil and Gas Equipment, Services",Houston,Clay C. Williams,"Chairman, President & Chief Executive Officer",7251,-50.9,-2412,-33,21140
376,Kindred Healthcare,76650,Health Care,Health Care: Medical Facilities,Louisville,Benjamin A. Breier,"President, Chief Executive Officer & Director",7227,1.8,-664.2,-33,6113
377,Mosaic,8700,Chemicals,Chemicals,Plymouth,James C. O'Rourke,"President, Chief Executive Officer & Director",7163,-19.5,297.8,-70.2,16841
378,Alliance Data Systems,17000,Business Services,Financial Data Services,Plano,Edward J. Heffernan,"President, Chief Executive Officer & Director",7138,10.8,515.8,-13.5,25514
379,Computer Sciences,59000,Technology,Information Technology Services,Tysons,J. Michael Lawrie,"Chairman, President & Chief Executive Officer",7106,-41.7,251,"12,450.00",7736
380,Huntington Ingalls Industries,37000,Aerospace & Defense,Aerospace and Defense,Newport News,C. Michael Petters,"President, Chief Executive Officer & Director",7068,0.7,573,41.8,6352
381,Leidos Holdings,32000,Technology,Information Technology Services,Reston,Roger A. Krone,Chairman & Chief Executive Officer,7043,38.5,244,-3.9,9132
382,Erie Insurance Group,4988,Financials,Insurance: Property and Casualty (Mutual),Erie,Timothy G. NeCastro,"President, Chief Executive Officer & Director",7016,5.7,741.9,10.7,18417
383,Tesla,30025,Motor Vehicles & Parts,Motor Vehicles and Parts,Palo Alto,Elon Musk,Chairman & Chief Executive Officer,7000,73,-674.9,10.7,22664
384,Ascena Retail Group,41000,Retailing,Specialty Retailers: Apparel,Mahwah,David R. Jaffe,"Chairman, President & Chief Executive Officer",6995,45.6,-11.9,10.7,5506
385,Darden Restaurants,150942,"Hotels, Restaurants & Leisure",Food Services,Orlando,Eugene I. Lee Jr.,"President, Chief Executive Officer & Director",6934,-3.2,375,-47.1,4583
386,Harman International Industries,26000,Industrials,"Electronics, Electrical Equipment",Stamford,Dinesh C. Paliwal,"President, Chief Executive Officer & Director",6912,12.3,361.7,5.6,6054
387,Nvidia,10299,Technology,Semiconductors and Other Electronic Components,Santa Clara,Jen-Hsun Huang,"President, Chief Executive Officer & Director",6910,37.9,1666,171.3,9841
388,R.R. Donnelley & Sons,44360,Media,"Publishing, Printing",Chicago,Daniel L. Knotts,"President, Chief Executive Officer & Director",6896,-38.7,-495.9,-428.2,4285
389,Fifth Third Bancorp,17844,Financials,Commercial Banks,Cincinnati,Greg D. Carmichael,"President, Chief Executive Officer & Director",6889,-2,1564,-8.6,142177
390,Quintiles IMS Holdings,50000,Health Care,Health Care: Pharmacy and Other Services,Durham,Ari Bousbib,"Chairman, President & Chief Executive Officer",6878,19.9,115,-70.3,21208
391,Jones Lang LaSalle,77300,Financials,Real Estate,Chicago,Christian Ulbrich,"President, Chief Executive Officer & Director",6804,14,318.2,-27.5,7629
392,Dover,29000,Industrials,Industrial Machinery,Downers Grove,Robert A. Livingston,"President, Chief Executive Officer & Director",6794,-3.3,508.9,-41.5,10116
393,Spirit AeroSystems Holdings,14400,Aerospace & Defense,Aerospace and Defense,Wichita,Thomas C. Gentile III,"President, Chief Executive Officer & Director",6793,2.2,469.7,-40.4,5405
394,Ryder System,34500,Transportation,"Trucking, Truck Leasing",Miami,Robert E. Sanchez,Chairman & Chief Executive Officer,6787,3.3,262.5,-13.9,10903
395,A-Mark Precious Metals,83,Materials,Miscellaneous,Santa Monica,Gregory N. Roberts,Chief Executive Officer & Director,6784,11.8,9.3,31.5,437
396,Tractor Supply,19500,Retailing,Specialty Retailers: Other,Brentwood,Gregory A. Sandfort,Chief Executive Officer & Director,6780,8.9,437.1,6.5,2675
397,Sealed Air,23000,Materials,"Packaging, Containers",Charlotte,Jerome A. Peribere,"President, Chief Executive Officer & Director",6778,-3.6,486.4,45,7389
398,Auto-Owners Insurance,4737,Financials,Insurance: Property and Casualty (Mutual),Lansing,Jeffrey F. Harrold,Chairman & Chief Executive Officer,6775,4,706.3,-13.4,21571
399,Yum China Holdings,420000,"Hotels, Restaurants & Leisure",Food Services,Plano,Muktesh Pant,Chief Executive Officer & Director,6752,4,502,-13.4,3727
400,Calpine,2372,Energy,Energy,Houston,John B. Hill,"President, Chief Executive Officer & Director",6716,3.8,92,-60.9,19317
401,Owens-Illinois,27000,Materials,"Packaging, Containers",Perrysburg,Andres A. Lopez,"President, Chief Executive Officer & Director",6702,8.9,209,54.8,9135
402,Targa Resources,1970,Energy,Pipelines,Houston,Joe Bob Perkins,Chief Executive Officer & Director,6691,0.5,-187.3,-421.3,12871
403,Jones Financial (Edward Jones),43000,Financials,Securities,Des Peres,James D. Weddle,Chief Executive Officer & Director,6632,-0.9,746,-11,19424
403,JetBlue Airways,15986,Transportation,Airlines,Long Island City,Robin Hayes,"President, Chief Executive Officer & Director",6632,3.4,759,12.1,9487
405,Franklin Resources,9059,Financials,Securities,San Mateo,Gregory E. Johnson,Chairman & Chief Executive Officer,6618,-16.7,1726.7,-15.2,16099
406,Activision Blizzard,9500,Technology,Computer Software,Santa Monica,Robert A. Kotick,"President, Chief Executive Officer & Director",6608,41.7,966,8.3,17452
407,J.B. Hunt Transport Services,22190,Transportation,"Trucking, Truck Leasing",Lowell,John N. Roberts III,"President, Chief Executive Officer & Director",6556,5.9,432.1,1.1,3829
408,Constellation Brands,9000,"Food, Beverages & Tobacco",Beverages,Victor,Robert S. Sands,"President, Chief Executive Officer & Director",6548,8.6,1054.9,25.7,16965
409,NCR,33500,Technology,"Computers, Office Equipment",Duluth,William R. Nuti,Chairman & Chief Executive Officer,6543,2.7,270,25.7,7673
410,Asbury Automotive Group,7900,Retailing,"Automotive Retailing, Services",Duluth,Craig T. Monaghan,"President, Chief Executive Officer & Director",6528,-0.9,167.2,-1.2,2336
411,American Financial Group,7600,Financials,Insurance: Property and Casualty (Stock),Cincinnati,"Carl H. Lindner lll, S. Craig Lindner","Co-President, Co-Chief Executive Officer & Director",6498,5.7,649,84.4,55072
412,Discovery Communications,7000,Media,Entertainment,Silver Spring,David M. Zaslav,"President, Chief Executive Officer & Director",6497,1.6,1194,15.5,15758
413,Berry Global Group,21000,Materials,"Packaging, Containers",Evansville,Thomas E. Salmon,Chief Executive Officer & Director,6489,32.9,236,174.4,7653
414,Sanmina,40178,Technology,Semiconductors and Other Electronic Components,San Jose,Jure Sola,Chairman & Chief Executive Officer,6481,1.7,187.8,-50.2,3625
415,CalAtlantic Group,3055,Engineering & Construction,Homebuilders,Arlington,Larry T. Nicholson,"President, Chief Executive Officer & Director",6477,83,484.7,127,8709
416,Dr Pepper Snapple Group,20000,"Food, Beverages & Tobacco",Beverages,Plano,Larry D. Young,"President, Chief Executive Officer & Director",6440,2.5,847,10.9,9791
417,Dillard’s,30800,Retailing,General Merchandisers,Little Rock,William T. Dillard II,Chairman & Chief Executive Officer,6418,-5,169.2,-37.2,3888
418,HRG Group,16021,Household Products,Household and Personal Products,New York,Joseph S. Steinberg,Chairman & Chief Executive Officer,6403,10.1,-198.8,-37.2,35793
419,CMS Energy,7750,Energy,Utilities: Gas and Electric,Jackson,Patricia K. Poppe,"President, Chief Executive Officer & Director",6399,-0.9,551,5.4,21622
420,Graybar Electric,8500,Wholesalers,Wholesalers: Diversified,St. Louis,Kathleen M. Mazzarella,"Chairman, President & Chief Executive Officer",6385,4.5,93.1,2.2,2099
421,Builders FirstSource,14000,Materials,"Building Materials, Glass",Dallas,Floyd F. Sherman,Chief Executive Officer & Director,6367,78.6,144.3,2.2,2910
422,Yum Brands,90000,"Hotels, Restaurants & Leisure",Food Services,Louisville,Greg Creed,Chief Executive Officer & Director,6366,-51.4,1619,25.2,5478
423,Casey’s General Stores,24724,Retailing,Specialty Retailers: Other,Ankeny,Terry W. Handley,"President, Chief Executive Officer & Director",6304,-10.6,226,25.1,2726
424,Amphenol,62000,Technology,Network and Other Communications Equipment,Wallingford,R. Adam Norwitt,"President, Chief Executive Officer & Director",6286,12.9,822.9,7.8,8499
425,Oshkosh,13800,Industrials,Construction and Farm Machinery,Oshkosh,Wilson R. Jones,"President, Chief Executive Officer & Director",6279,3,216.4,-5.7,4514
426,iHeartMedia,18700,Media,Entertainment,San Antonio,Robert W. Pittman,Chairman & Chief Executive Officer,6274,0.5,-296.3,-5.7,12862
427,TreeHouse Foods,16027,"Food, Beverages & Tobacco",Food Consumer Products,Oak Brook,Sam K. Reed,Chairman & Chief Executive Officer,6175,92.6,-228.6,-298.9,6546
428,Alleghany,3420,Financials,Insurance: Property and Casualty (Stock),New York,Weston M. Hicks,"President, Chief Executive Officer & Director",6131,22.6,456.9,-18.5,23757
429,Expeditors International of Washington,16000,Transportation,Transportation and Logistics,Seattle,Jeffrey S. Musser,"President, Chief Executive Officer & Director",6098,-7.8,430.8,-5.8,2791
430,Avery Dennison,25000,Materials,"Packaging, Containers",Glendale,Mitchell R. Butier,"President, Chief Executive Officer & Director",6087,2,320.7,16.9,4396
431,Ameren,8629,Energy,Utilities: Gas and Electric,St. Louis,Warner L. Baxter,"Chairman, President & Chief Executive Officer",6076,-0.4,653,3.7,24699
432,Hanesbrands,67800,Apparel,Apparel,Winston-Salem,Gerald W. Evans Jr.,Chief Executive Officer & Director,6063,5.8,539.4,25.8,6908
433,Motorola Solutions,14000,Technology,Network and Other Communications Equipment,Chicago,Gregory Q. Brown,Chairman & Chief Executive Officer,6038,6,560,-8.2,8463
434,St. Jude Medical,18000,Health Care,Medical Products and Equipment,St. Paul,Miles D. White,Chairman & Chief Executive Officer,6004,8.4,734,-16.6,12578
435,Harley-Davidson,6000,Transportation,Transportation Equipment,Milwaukee,Matthew S. Levatich,"President, Chief Executive Officer & Director",5997,8.4,692.2,-8,9890
436,Regions Financial,22166,Financials,Commercial Banks,Birmingham,O.B. Grayson Hall Jr.,"Chairman, President & Chief Executive Officer",5967,5.2,1163,9.5,125968
437,Intercontinental Exchange,5631,Financials,Securities,Atlanta,Jeffrey C. Sprecher,Chairman & Chief Executive Officer,5958,27.3,1422,11.6,82003
438,Alaska Air Group,19112,Transportation,Airlines,Seattle,Bradley D. Tilden,"Chairman, President & Chief Executive Officer",5931,5.9,814,-4,9962
439,Old Republic International,8500,Financials,Insurance: Property and Casualty (Stock),Chicago,Aldo C. Zucaro,Chairman & Chief Executive Officer,5901,2.3,466.9,10.6,18592
440,Lam Research,7500,Technology,Semiconductors and Other Electronic Components,Fremont,Martin B. Anstice,"President, Chief Executive Officer & Director",5886,11.9,914,39.4,12272
441,AK Steel Holding,8500,Materials,Metals,West Chester,Roger K. Newport,Chief Executive Officer & Director,5883,-12.1,-7.8,39.4,4036
442,Rockwell Automation,22000,Industrials,"Electronics, Electrical Equipment",Milwaukee,Blake D. Moret,Chief Executive Officer & Director,5880,-6.8,729.7,-11.8,7101
443,Adobe Systems,15706,Technology,Computer Software,San Jose,Shantanu Narayen,"Chairman, President & Chief Executive Officer",5854,22.1,1168.8,85.7,12707
444,Avon Products,26400,Household Products,Household and Personal Products,Rye,Sherilyn S. McCoy,Chief Executive Officer & Director,5853,-18.4,-107.6,85.7,3419
445,Terex,18100,Industrials,Construction and Farm Machinery,Westport,John L. Garrison Jr.,"President, Chief Executive Officer & Director",5841,-10.7,-176.1,-220.7,5007
446,NVR,4900,Engineering & Construction,Homebuilders,Reston,Paul C. Saville,"President, Chief Executive Officer & Director",5835,12.9,425.3,11.1,2644
447,Dana,24900,Motor Vehicles & Parts,Motor Vehicles and Parts,Maumee,James K. Kamsickas,"President, Chief Executive Officer & Director",5826,-3.9,640,302.5,4860
448,Realogy Holdings,11800,Financials,Real Estate,Madison,Richard A. Smith,"Chairman, President & Chief Executive Officer",5810,1.8,213,15.8,7421
449,American Tower,4507,Telecommunications,Telecommunications,Boston,James D. Taiclet Jr.,"Chairman, President & Chief Executive Officer",5786,21.3,956.4,39.6,30879
450,Packaging Corp. of America,14000,Materials,"Packaging, Containers",Lake Forest,Mark W. Kowlzan,Chairman & Chief Executive Officer,5779,0.6,449.6,2.9,5777
451,Citizens Financial Group,17600,Financials,Commercial Banks,Providence,Bruce W. Van Saun,Chairman & Chief Executive Officer,5763,9.2,1045,24.4,149520
452,United Rentals,12500,Business Services,Miscellaneous,Stamford,Michael J. Kneeland,"President, Chief Executive Officer & Director",5762,-0.9,566,-3.2,11988
453,Clorox,8000,Household Products,Household and Personal Products,Oakland,Benno O. Dorer,Chairman & Chief Executive Officer,5761,1.7,648,11.7,4518
454,Genesis Healthcare,82000,Health Care,Health Care: Medical Facilities,Kennett Square,George V. Hager Jr.,Chief Executive Officer & Director,5733,2,-64,11.7,5779
455,M&T Bank Corp.,16487,Financials,Commercial Banks,Buffalo,Robert G. Wilmers,Chairman & Chief Executive Officer,5722,14.5,1315.1,21.8,123449
456,Ingredion,11000,"Food, Beverages & Tobacco",Food Production,Westchester,Ilene S. Gordon,"Chairman, President & Chief Executive Officer",5704,1.5,484.9,20.6,5782
457,UGI,13105,Energy,Energy,King of Prussia,John L. Walsh,"President, Chief Executive Officer & Director",5686,-15,364.7,29.8,10847
458,Owens Corning,16000,Materials,"Building Materials, Glass",Toledo,Michael H. Thaman,"Chairman, President & Chief Executive Officer",5677,6.1,393,19.1,7741
459,S&P Global,20000,Business Services,Financial Data Services,New York,Douglas L. Peterson,"President, Chief Executive Officer & Director",5661,6.6,2106,82.2,8669
460,Markel,10900,Financials,Insurance: Property and Casualty (Stock),Glen Allen,"Thomas S. Gayner, Richard R. Whitt III",Co-Chief Executive Officer & Director,5612,4.5,455.7,-21.8,25875
461,Wyndham Worldwide,37800,"Hotels, Restaurants & Leisure","Hotels, Casinos, Resorts",Parsippany,Stephen P. Holmes,Chairman & Chief Executive Officer,5599,1.1,611,-0.2,9819
462,Arthur J. Gallagher,24790,Financials,Diversified Financials,Itasca,J. Patrick Gallagher Jr.,"Chairman, President & Chief Executive Officer",5595,3.8,414.4,16.1,11490
463,Burlington Stores,40000,Retailing,Specialty Retailers: Apparel,Burlington,Thomas A. Kingsbury,"Chairman, President & Chief Executive Officer",5591,9,215.9,43.5,2575
464,First American Financial,19531,Financials,Insurance: Property and Casualty (Stock),Santa Ana,Dennis J. Gilmore,Chief Executive Officer & Director,5576,7.7,343,19.1,8832
465,Symantec,11000,Technology,Computer Software,Mountain View,Gregory S. Clark,Chief Executive Officer & Director,5568,-14.4,2488,183.4,11767
466,Patterson,7000,Wholesalers,Wholesalers: Health Care,St. Paul,James W. Wiltz,Interim President & CEO,5555,27,187.2,-16.2,3521
467,Olin,6400,Chemicals,Chemicals,Clayton,John E. Fischer,"President, Chief Executive Officer & Director",5551,94.5,-3.9,-16.2,8763
468,NetApp,12030,Technology,Computer Peripherals,Sunnyvale,George Kurian,"President, Chief Executive Officer & Director",5546,-9.4,229,-59.1,10037
469,Raymond James Financial,11900,Financials,Securities,St. Petersburg,Paul C. Reilly,Chairman & Chief Executive Officer,5520,4,529.4,5.4,31594
470,TravelCenters of America,20259,Retailing,Specialty Retailers: Other,Westlake,Thomas M. O'Brien,"President, Chief Executive Officer & Director",5511,-5.8,-2,-107.3,1660
471,Fiserv,23000,Business Services,Financial Data Services,Brookfield,Jeffery W. Yabuki,"President, Chief Executive Officer & Director",5505,4.8,930,30.6,9743
472,Host Hotels & Resorts,220,Financials,Real Estate,Bethesda,James F. Risoleo,"President, Chief Executive Officer & Director",5488,1.9,762,36.6,11408
473,Insight Enterprises,5930,Wholesalers,Wholesalers: Electronics and Office Equipment,Tempe,Kenneth T. Lamneck,"President, Chief Executive Officer & Director",5486,2.1,84.7,11.7,2219
474,Mattel,32000,Household Products,"Toys, Sporting Goods",El Segundo,Margaret H. Georgiadis,Chief Executive Officer & Director,5457,-4.3,318,-13.9,6494
475,AmTrust Financial Services,8000,Financials,Insurance: Property and Casualty (Stock),New York,Barry D. Zyskind,"Chairman, President & Chief Executive Officer",5451,18.1,411,-8.8,22615
476,Cincinnati Financial,4754,Financials,Insurance: Property and Casualty (Stock),Fairfield,Steven J. Johnston,"President, Chief Executive Officer & Director",5449,6,590.7,-6.8,20386
477,Simon Property Group,4050,Financials,Real Estate,Indianapolis,David E. Simon,Chairman & Chief Executive Officer,5435,3.2,1838.9,0.6,31104
478,Western Union,10700,Business Services,Financial Data Services,Englewood,Hikmet Ersek,"President, Chief Executive Officer & Director",5423,-1.1,253.2,-69.8,9420
479,KeyCorp,15700,Financials,Commercial Banks,Cleveland,Beth E. Mooney,"Chairman, President & Chief Executive Officer",5422,19.4,791,-13.6,136453
480,Delek US Holdings,1326,Energy,Petroleum Refining,Brentwood,Ezra Uzi Yemin,"Chairman, President & Chief Executive Officer",5414,-6,-153.7,-892.3,2985
481,Booz Allen Hamilton Holding,22600,Technology,Information Technology Services,McLean,Horacio D. Rozanski,"President, Chief Executive Officer & Director",5406,2.5,294.1,26.5,3010
482,Chemours,7000,Chemicals,Chemicals,Wilmington,Mark P. Vergnano,"President, Chief Executive Officer & Director",5400,2.5,7,26.5,6060
483,Western & Southern Financial Group,2178,Financials,"Insurance: Life, Health (Mutual)",Cincinnati,John F. Barrett,"Chairman, President & Chief Executive Officer",5398,0.8,241.2,-47.2,43831
484,Celanese,7293,Chemicals,Chemicals,Irving,Mark C. Rohr,"Chairman, President & Chief Executive Officer",5389,-5,900,196.1,8357
485,Windstream Holdings,11870,Telecommunications,Telecommunications,Little Rock,Anthony W. Thomas,"President, Chief Executive Officer & Director",5387,-6.6,-383.5,"-1,499.60",11770
486,Seaboard,11781,"Food, Beverages & Tobacco",Food Production,Merriam,Steven J. Bresky,"Chairman, President & Chief Executive Officer",5379,-3.8,312,82.5,4755
487,Essendant,6600,Wholesalers,Wholesalers: Electronics and Office Equipment,Deerfield,Robert B. Aiken Jr.,"President, Chief Executive Officer & Director",5369,0.1,63.9,82.5,2164
488,Apache,3727,Energy,"Mining, Crude-Oil Production",Houston,John J. Christmann IV,"President, Chief Executive Officer & Director",5354,-19.5,-1405,82.5,22519
489,Airgas,17000,Wholesalers,Wholesalers: Diversified,Radnor,John J. Christmann IV,Chief Executive Officer & Director,5314,0.2,337.5,-8.3,6135
490,Kelly Services,7500,Business Services,Temporary Help,Troy,George S. Corona,"President, Chief Executive Officer & Director",5277,-4.4,120.8,124.5,2028
491,Liberty Media,3626,Media,Entertainment,Englewood,Gregory B. Maffei,"President, Chief Executive Officer & Director",5276,10,680,962.5,31377
492,Rockwell Collins,19000,Aerospace & Defense,Aerospace and Defense,Cedar Rapids,Robert K. Ortberg,"Chairman, President & Chief Executive Officer",5259,-0.1,728,6.1,7707
493,Robert Half International,16400,Business Services,Temporary Help,Menlo Park,Harold M. Messmer Jr.,Chairman & Chief Executive Officer,5250,3.1,343.4,-4,1778
494,CH2M Hill,20000,Engineering & Construction,"Engineering, Construction",Englewood,Jacqueline C. Hinman,"Chairman, President & Chief Executive Officer",5236,-2.3,15,-81.3,2671
495,Big Lots,23150,Retailing,Specialty Retailers: Other,Columbus,David J. Campisi,"President, Chief Executive Officer & Director",5200,0.2,152.8,7,1608
496,Michaels Cos.,31000,Retailing,Specialty Retailers: Other,Irving,Carl S. Rubin,Chairman & Chief Executive Officer,5197,5.8,378.2,4.2,2148
497,Toll Brothers,4200,Engineering & Construction,Homebuilders,Horsham,Douglas C. Yearley Jr.,Chief Executive Officer & Director,5170,23.9,382.1,5.2,9737
498,Yahoo,8500,Technology,Internet Services and Retailing,Sunnyvale,Marissa A. Mayer,"President, Chief Executive Officer & Director",5169,4,-214.3,5.2,48083
499,Vistra Energy,4431,Energy,Energy,Dallas,Curtis A. Morgan,"President, Chief Executive Officer & Director",5164,4,-214.3,5.2,15167
500,ABM Industries,110000,Business Services,Diversified Outsourcing Services,New York,Scott B. Salmirs,"President, Chief Executive Officer & Director",5145,-2.8,57.2,-25,2281
